Region,Market,Brand,Chart,Name,Unit,Source,2014,2015,2016,2017,2018,2019,2020,2021,2022,2023,2024,2025,2026,2027,2028,2029
Georgia,Mini Cars,,Average Price,Average,thousand USD (US$),Statista Market Insights,,13.85,13.86,13.96,14.03,14.03,13.37,13.21,14.57,14.48,14.55,14.5,14.37,14.54,14.5,14.57
Georgia,Mini Cars,,Revenue by make,Total,million USD (US$),Statista Market Insights,,1.75,1.69,1.68,1.61,1.56,0.64,0.91,0.8,1.09,1.54,1.62,1.72,1.7,1.65,1.65
Georgia,Mini Cars,,Revenue by make,Kia,million USD (US$),Statista Market Insights,,0.29,0.29,0.28,0.28,0.27,0.11,0.15,0.13,0.18,0.26,0.27,0.28,0.29,0.27,0.27
Georgia,Mini Cars,,Revenue by make,Nissan,million USD (US$),Statista Market Insights,,0.38,0.35,0.32,0.3,0.28,0.13,0.18,0.15,0.23,0.32,0.34,0.37,0.36,0.35,0.34
Georgia,Mini Cars,,Revenue by make,Skoda,million USD (US$),Statista Market Insights,,0.3,0.3,0.3,0.29,0.27,0.11,0.16,0.14,0.19,0.26,0.29,0.31,0.3,0.29,0.29
Georgia,Mini Cars,,Revenue by make,Toyota,million USD (US$),Statista Market Insights,,0.77,0.76,0.77,0.75,0.74,0.29,0.41,0.37,0.48,0.69,0.72,0.77,0.76,0.74,0.75
Georgia,Mini Cars,,Connected Cars Share,Connected,percent,Statista Market Insights,,0,0,0,60,60.36,60.42,100,100,98.31,100,100,100,100,,100
Georgia,Mini Cars,,Connected Cars Share,Not Connected,percent,Statista Market Insights,,100,100,100,40,39.64,39.58,0,0,1.69,0,0,0,0,,0
Georgia,Mini Cars,,Fuel or Drive-Type Share,Electric,percent,Statista Market Insights,,,,,,67.13,67.24,72.73,80,15.25,13.25,14.29,14.61,17.86,,22.22
Georgia,Mini Cars,,Fuel or Drive-Type Share,Hybrid,percent,Statista Market Insights,,,,,,,,,,13.56,19.28,20.24,21.35,21.43,,23.61
Georgia,Mini Cars,,Fuel or Drive-Type Share,Petrol,percent,Statista Market Insights,,100,100,100,100,32.87,32.76,27.27,18.18,71.19,67.47,66.67,62.92,60.71,,54.17
Georgia,Mini Cars,,Autonomous Driving Level,Autonomous 0,percent,Statista Market Insights,,100,100,100,100,100,100,,,,,,,,,
Georgia,Mini Cars,,Autonomous Driving Level,Autonomous 1,percent,Statista Market Insights,,,,,,,,100,100,96.69,93.84,91.05,88.3,85.55,,79.75
Georgia,Mini Cars,,Autonomous Driving Level,Autonomous 2,percent,Statista Market Insights,,,,,,,,,,2.82,5.47,7.96,10.29,12.46,,16.27
Georgia,Mini Cars,,Autonomous Driving Level,Autonomous 3,percent,Statista Market Insights,,,,,,,,,,0.49,0.69,0.99,1.4,1.99,,3.98
Georgia,Mini Cars,,Average CO2 emission,Emissions Average,grams CO2 per kilometer,Statista Market Insights,,104.6,100.6,101.6,103.1,101.6,104.5,101.6,105.4,95.32,88.45,81.59,75.41,70.07,,60.45
Georgia,Mini Cars,,Vehicle Sales by make,Total,vehicles,Statista Market Insights,,126,122,120,115,111,48,69,55,75,106,112,120,117,114,113
Georgia,Mini Cars,,Vehicle Sales by make,Kia,vehicles,Statista Market Insights,,24,23,22,22,21,9,13,10,14,20,21,22,22,21,21
Georgia,Mini Cars,,Vehicle Sales by make,Nissan,vehicles,Statista Market Insights,,24,24,23,22,21,9,13,10,15,21,22,24,23,23,22
Georgia,Mini Cars,,Vehicle Sales by make,Skoda,vehicles,Statista Market Insights,,27,26,26,24,23,10,15,12,16,22,24,26,25,24,24
Georgia,Mini Cars,,Vehicle Sales by make,Toyota,vehicles,Statista Market Insights,,51,49,49,47,46,20,28,23,30,43,45,48,47,46,46
Georgia,Mini Cars,,Comparable Estimates - Passenger Cars (Worldwide),*Statista,million vehicles,,74.44,79.2,84.99,85.13,81.94,71.96,58.6,63.73,67.16,69.02,74.02,72.38,72.59,73.87,,
Georgia,Mini Cars,,Comparable Estimates - Passenger Cars (Worldwide),IHS Markit,million vehicles,,,,92,94,94,90,77,77.2,80.35,87.94,,,,,,
Georgia,Mini Cars,,Comparable Estimates - Passenger Cars (Worldwide),LMC Automotive,million vehicles,,,,,95.1,94.1,90.3,77.8,80.7,85.3,93.7,,,,,,
Georgia,Passenger Cars,,Average Price,Average,thousand USD (US$),Statista Market Insights,,33.19,33.38,32.52,32.52,32.37,31.35,31.18,33.67,33.47,33.89,33.88,33.58,33.86,33.87,33.9
Georgia,Passenger Cars,,Average Price,Executive Cars,thousand USD (US$),Statista Market Insights,,39.3,39.3,39.36,39.33,39.49,37.83,37.54,40.91,41,41.33,41.29,41.13,41.28,41.38,41.53
Georgia,Passenger Cars,,Average Price,Full-Size Vans,thousand USD (US$),Statista Market Insights,,30.32,30.68,30.85,30.84,30.74,29.4,29.18,31.85,31.58,31.57,31.58,31.47,31.64,31.69,31.77
Georgia,Passenger Cars,,Average Price,Large Cars,thousand USD (US$),Statista Market Insights,,39.1,38.37,37.81,37.7,37.62,36.84,36.59,39.86,39.7,39.91,39.79,39.41,39.8,39.96,40.01
Georgia,Passenger Cars,,Average Price,Luxury Cars,thousand USD (US$),Statista Market Insights,,76.24,76.72,77.67,79.52,80.4,74.36,73.7,79.95,81.27,81.34,81.05,80.1,80.7,81.34,81.86
Georgia,Passenger Cars,,Average Price,Medium Cars,thousand USD (US$),Statista Market Insights,,23.92,23.9,23.98,24.44,24.66,23.28,22.95,24.97,24.97,25.25,25.16,25.06,25.26,25.18,25.34
Georgia,Passenger Cars,,Average Price,Mini Cars,thousand USD (US$),Statista Market Insights,,13.85,13.86,13.96,14.03,14.03,13.37,13.21,14.57,14.48,14.55,14.5,14.37,14.54,14.5,14.57
Georgia,Passenger Cars,,Average Price,Minivans,thousand USD (US$),Statista Market Insights,,29.82,29.63,29.42,29.04,29.18,28.19,28.25,30.92,30.68,30.9,30.91,30.77,30.92,30.92,31
Georgia,Passenger Cars,,Average Price,Pickup Trucks,thousand USD (US$),Statista Market Insights,,33.69,34.05,33.89,33.16,32.19,31.74,31.61,34.45,33.93,34.24,34.26,33.94,34.3,34.18,34.39
Georgia,Passenger Cars,,Average Price,Small Cars,thousand USD (US$),Statista Market Insights,,17.5,17.33,16.15,16.24,16.28,15.66,15.62,16.7,16.67,17.11,17.06,16.9,16.94,16.81,16.81
Georgia,Passenger Cars,,Average Price,Sports Cars,thousand USD (US$),Statista Market Insights,,83.3,83.97,85.05,87.18,87.95,81.57,80.98,88.1,87.96,88.83,88.34,87.41,88.49,88.34,88.62
Georgia,Passenger Cars,,Average Price,SUVs,thousand USD (US$),Statista Market Insights,,35.3,35.83,33.49,32.62,32.17,32.29,31.97,34.42,34.26,34.72,34.85,34.43,34.73,34.72,34.73
Georgia,Passenger Cars,,Revenue,Total,million USD (US$),Statista Market Insights,,115.8,114.3,111.5,106.5,103.5,44.04,61.95,54.49,75.25,107,112.3,121.2,118.7,116.4,113
Georgia,Passenger Cars,,Revenue,Executive Cars,million USD (US$),Statista Market Insights,,2.99,2.95,2.83,2.79,2.69,1.1,1.54,1.35,1.89,2.69,2.81,3.04,2.97,2.94,2.87
Georgia,Passenger Cars,,Revenue,Full-Size Vans,million USD (US$),Statista Market Insights,,0.76,0.74,0.71,0.71,0.68,0.29,0.41,0.35,0.47,0.69,0.73,0.79,0.76,0.73,0.73
Georgia,Passenger Cars,,Revenue,Large Cars,million USD (US$),Statista Market Insights,,14.15,13.16,12.36,12.06,11.63,5.08,7.21,6.22,8.5,12.25,12.93,13.75,13.53,13.31,12.88
Georgia,Passenger Cars,,Revenue,Luxury Cars,million USD (US$),Statista Market Insights,,3.81,3.68,3.57,3.58,3.54,1.41,1.99,1.68,2.28,3.34,3.49,3.85,3.71,3.66,3.52
Georgia,Passenger Cars,,Revenue,Medium Cars,million USD (US$),Statista Market Insights,,18.37,16.95,14.77,13.98,13.51,6.05,8.31,7.12,10.39,14.95,15.62,16.84,16.37,15.79,15.36
Georgia,Passenger Cars,,Revenue,Mini Cars,million USD (US$),Statista Market Insights,,1.75,1.69,1.68,1.61,1.56,0.64,0.91,0.8,1.09,1.54,1.62,1.72,1.7,1.65,1.65
Georgia,Passenger Cars,,Revenue,Minivans,million USD (US$),Statista Market Insights,,12.14,12.15,12.09,10.28,10.83,4.2,6.53,5.97,8.16,11.68,12.08,13.14,12.62,12.21,11.59
Georgia,Passenger Cars,,Revenue,Pickup Trucks,million USD (US$),Statista Market Insights,,5.02,4.94,4.71,4.54,4.22,1.84,2.56,2.27,3.02,4.35,4.63,4.92,4.84,4.79,4.64
Georgia,Passenger Cars,,Revenue,Small Cars,million USD (US$),Statista Market Insights,,5.02,4.83,4.94,4.86,4.72,1.97,2.69,2.4,3.27,4.65,4.9,5.24,5.18,5.16,5.13
Georgia,Passenger Cars,,Revenue,Sports Cars,million USD (US$),Statista Market Insights,,13.99,13.52,13.18,13.43,12.93,5.14,7.37,6.26,8.62,12.44,12.99,13.81,13.63,13.52,13.12
Georgia,Passenger Cars,,Revenue,SUVs,million USD (US$),Statista Market Insights,,37.77,39.7,40.62,38.69,37.22,16.31,22.44,20.07,27.58,38.47,40.56,44.1,43.44,42.6,41.51
Georgia,Passenger Cars,,Revenue by make,Alfa Romeo,percent,Statista Market Insights,,,,,,,,,,,9.23,,,,,
Georgia,Passenger Cars,,Revenue by make,Honda,percent,Statista Market Insights,,,,,,,,,,,16.72,,,,,
Georgia,Passenger Cars,,Revenue by make,Jaguar,percent,Statista Market Insights,,,,,,,,,,,12.26,,,,,
Georgia,Passenger Cars,,Revenue by make,Kia,percent,Statista Market Insights,,,,,,,,,,,14.11,,,,,
Georgia,Passenger Cars,,Revenue by make,Nissan,percent,Statista Market Insights,,,,,,,,,,,23.72,,,,,
Georgia,Passenger Cars,,Revenue by make,Skoda,percent,Statista Market Insights,,,,,,,,,,,4.57,,,,,
Georgia,Passenger Cars,,Revenue by make,Toyota,percent,Statista Market Insights,,,,,,,,,,,19.39,,,,,
Georgia,Passenger Cars,,Connected Cars Share,Connected,percent,Statista Market Insights,,63.13,72.66,74.95,77.04,79.27,79.82,93.73,93.51,93.64,94.55,94.94,95.19,95.88,,97.38
Georgia,Passenger Cars,,Connected Cars Share,Not Connected,percent,Statista Market Insights,,36.87,27.34,25.05,22.96,20.73,20.18,6.27,6.49,6.36,5.45,5.06,4.81,4.12,,2.62
Georgia,Passenger Cars,,Fuel or Drive-Type Share,Alternative,percent,Statista Market Insights,,,,,,,,,,4.47,4.96,5.24,5.56,5.76,,6.08
Georgia,Passenger Cars,,Fuel or Drive-Type Share,Diesel,percent,Statista Market Insights,,3.53,3.42,3.21,2.17,2.11,1.56,2.3,2.18,1.61,1.69,1.71,1.75,1.71,,1.71
Georgia,Passenger Cars,,Fuel or Drive-Type Share,Electric,percent,Statista Market Insights,,0.73,1.41,1.68,0.75,5.88,10.11,5.53,6.48,5.73,4.78,5.52,5.83,7.36,,11.62
Georgia,Passenger Cars,,Fuel or Drive-Type Share,Hybrid,percent,Statista Market Insights,,0.73,0.7,0.66,0.68,0.89,1.04,5.27,5.61,7.04,8.27,8.91,9.4,9.95,,11.37
Georgia,Passenger Cars,,Fuel or Drive-Type Share,Petrol,percent,Statista Market Insights,,95.01,94.47,94.46,96.4,91.12,87.3,86.9,85.73,81.16,80.3,78.62,77.47,75.22,,69.23
Georgia,Passenger Cars,,Autonomous Driving Level,Autonomous 0,percent,Statista Market Insights,,39.58,36.39,28.83,22.68,22.61,19.07,8.84,8.95,6.99,6.88,6.6,6.65,6.31,,5.54
Georgia,Passenger Cars,,Autonomous Driving Level,Autonomous 1,percent,Statista Market Insights,,48.28,49.19,46.5,49.87,48.93,49.9,71.93,72.05,68.12,66.52,65.01,63.37,61.82,,58.41
Georgia,Passenger Cars,,Autonomous Driving Level,Autonomous 2,percent,Statista Market Insights,,12.14,14.42,24.66,27.45,28.46,31.03,19.23,18.99,24.5,26.05,27.59,28.82,30.21,,32.67
Georgia,Passenger Cars,,Autonomous Driving Level,Autonomous 3,percent,Statista Market Insights,,,,,,,,,,0.38,0.55,0.8,1.16,1.66,,3.38
Georgia,Passenger Cars,,Average CO2 emission,Emissions Average,grams CO2 per kilometer,Statista Market Insights,,154.7,150.4,146.5,145.1,142.2,145.8,138.9,142.7,131.1,117.1,108,99.69,91.93,,77.61
Georgia,Passenger Cars,,Vehicle Sales,Total,vehicles,Statista Market Insights,,"3,488","3,424","3,428","3,276","3,198","1,405","1,987","1,618","2,248","3,158","3,316","3,609","3,507","3,435","3,333"
Georgia,Passenger Cars,,Vehicle Sales,Executive Cars,vehicles,Statista Market Insights,,76,75,72,71,68,29,41,33,46,65,68,74,72,71,69
Georgia,Passenger Cars,,Vehicle Sales,Full-Size Vans,vehicles,Statista Market Insights,,25,24,23,23,22,10,14,11,15,22,23,25,24,23,23
Georgia,Passenger Cars,,Vehicle Sales,Large Cars,vehicles,Statista Market Insights,,362,343,327,320,309,138,197,156,214,307,325,349,340,333,322
Georgia,Passenger Cars,,Vehicle Sales,Luxury Cars,vehicles,Statista Market Insights,,50,48,46,45,44,19,27,21,28,41,43,48,46,45,43
Georgia,Passenger Cars,,Vehicle Sales,Medium Cars,vehicles,Statista Market Insights,,768,709,616,572,548,260,362,285,416,592,621,672,648,627,606
Georgia,Passenger Cars,,Vehicle Sales,Mini Cars,vehicles,Statista Market Insights,,126,122,120,115,111,48,69,55,75,106,112,120,117,114,113
Georgia,Passenger Cars,,Vehicle Sales,Minivans,vehicles,Statista Market Insights,,407,410,411,354,371,149,231,193,266,378,391,427,408,395,374
Georgia,Passenger Cars,,Vehicle Sales,Pickup Trucks,vehicles,Statista Market Insights,,149,145,139,137,131,58,81,66,89,127,135,145,141,140,135
Georgia,Passenger Cars,,Vehicle Sales,Small Cars,vehicles,Statista Market Insights,,287,279,306,299,290,126,172,144,196,272,287,310,306,307,305
Georgia,Passenger Cars,,Vehicle Sales,Sports Cars,vehicles,Statista Market Insights,,168,161,155,154,147,63,91,71,98,140,147,158,154,153,148
Georgia,Passenger Cars,,Vehicle Sales,SUVs,vehicles,Statista Market Insights,,"1,070","1,108","1,213","1,186","1,157",505,702,583,805,"1,108","1,164","1,281","1,251","1,227","1,195"
Georgia,Passenger Cars,,Vehicle Sales by make,Alfa Romeo,percent,Statista Market Insights,,,,,,,,,,,6.93,,,,,
Georgia,Passenger Cars,,Vehicle Sales by make,Honda,percent,Statista Market Insights,,,,,,,,,,,19.6,,,,,
Georgia,Passenger Cars,,Vehicle Sales by make,Jaguar,percent,Statista Market Insights,,,,,,,,,,,5.57,,,,,
Georgia,Passenger Cars,,Vehicle Sales by make,Kia,percent,Statista Market Insights,,,,,,,,,,,16.5,,,,,
Georgia,Passenger Cars,,Vehicle Sales by make,Nissan,percent,Statista Market Insights,,,,,,,,,,,25.3,,,,,
Georgia,Passenger Cars,,Vehicle Sales by make,Skoda,percent,Statista Market Insights,,,,,,,,,,,6.78,,,,,
Georgia,Passenger Cars,,Vehicle Sales by make,Toyota,percent,Statista Market Insights,,,,,,,,,,,19.32,,,,,
Georgia,Passenger Cars,,Comparable Estimates - Passenger Cars (Worldwide),*Statista,million vehicles,,74.44,79.2,84.99,85.13,81.94,71.96,58.6,63.73,67.16,69.02,74.02,72.38,72.59,73.87,,
Georgia,Passenger Cars,,Comparable Estimates - Passenger Cars (Worldwide),IHS Markit,million vehicles,,,,92,94,94,90,77,77.2,80.35,87.94,,,,,,
Georgia,Passenger Cars,,Comparable Estimates - Passenger Cars (Worldwide),LMC Automotive,million vehicles,,,,,95.1,94.1,90.3,77.8,80.7,85.3,93.7,,,,,,
Georgia,Small Cars,,Average Price,Average,thousand USD (US$),Statista Market Insights,,17.5,17.33,16.15,16.24,16.28,15.66,15.62,16.7,16.67,17.11,17.06,16.9,16.94,16.81,16.81
Georgia,Small Cars,,Revenue by make,Total,million USD (US$),Statista Market Insights,,5.02,4.83,4.94,4.86,4.72,1.97,2.69,2.4,3.27,4.65,4.9,5.24,5.18,5.16,5.13
Georgia,Small Cars,,Revenue by make,Alfa Romeo,million USD (US$),Statista Market Insights,,0.58,0.5,0.51,0.51,0.49,0.22,0.27,0.23,0.33,0.49,0.51,0.55,0.53,0.54,0.54
Georgia,Small Cars,,Revenue by make,Honda,million USD (US$),Statista Market Insights,,0.95,0.9,0.85,0.85,0.81,0.34,0.49,0.45,0.57,0.82,0.86,0.94,0.9,0.9,0.86
Georgia,Small Cars,,Revenue by make,Kia,million USD (US$),Statista Market Insights,,0.44,0.45,0.66,0.67,0.65,0.28,0.35,0.35,0.48,0.62,0.67,0.73,0.74,0.76,0.78
Georgia,Small Cars,,Revenue by make,Nissan,million USD (US$),Statista Market Insights,,0.37,0.36,0.36,0.36,0.35,0.14,0.2,0.17,0.24,0.34,0.37,0.39,0.38,0.36,0.37
Georgia,Small Cars,,Revenue by make,Skoda,million USD (US$),Statista Market Insights,,0.46,0.48,0.49,0.43,0.43,0.17,0.25,0.21,0.28,0.44,0.45,0.48,0.48,0.48,0.47
Georgia,Small Cars,,Revenue by make,Toyota,million USD (US$),Statista Market Insights,,2.22,2.15,2.07,2.05,1.99,0.83,1.14,0.99,1.36,1.95,2.04,2.16,2.14,2.12,2.11
Georgia,Small Cars,,Connected Cars Share,Connected,percent,Statista Market Insights,,44.95,46.24,76.47,75.92,76.21,76,100,100,100,100,100,100,100,,100
Georgia,Small Cars,,Connected Cars Share,Not Connected,percent,Statista Market Insights,,55.05,53.76,23.53,24.08,23.79,24,0,0,0,0,0,0,0,,0
Georgia,Small Cars,,Fuel or Drive-Type Share,Electric,percent,Statista Market Insights,,,,,,,,,,6.59,5.73,6.44,6.12,7.59,,10.9
Georgia,Small Cars,,Fuel or Drive-Type Share,Hybrid,percent,Statista Market Insights,,,,,,0.33,,0.57,1.35,5.39,7.93,8.58,8.98,8.86,,9.48
Georgia,Small Cars,,Fuel or Drive-Type Share,Petrol,percent,Statista Market Insights,,100,100,100,100,99.67,100,99.43,98.65,87.43,86.34,85.41,84.49,83.54,,79.62
Georgia,Small Cars,,Autonomous Driving Level,Autonomous 0,percent,Statista Market Insights,,69,68.46,27.78,54.51,54.49,27.09,,,,,,,,,
Georgia,Small Cars,,Autonomous Driving Level,Autonomous 1,percent,Statista Market Insights,,22.65,23.3,57.19,30.44,30.69,57.58,100,100,66.26,67.11,65.22,63.53,62.07,,59.11
Georgia,Small Cars,,Autonomous Driving Level,Autonomous 2,percent,Statista Market Insights,,8.36,8.24,15.03,15.05,14.83,15.33,,,33.57,32.67,34.45,36,37.24,,39.47
Georgia,Small Cars,,Autonomous Driving Level,Autonomous 3,percent,Statista Market Insights,,,,,,,,,,0.17,0.22,0.32,0.47,0.68,,1.42
Georgia,Small Cars,,Average CO2 emission,Emissions Average,grams CO2 per kilometer,Statista Market Insights,,117.2,115.8,118,117.5,117.9,120,108.5,121.1,112.9,102.8,95.67,89.07,83.55,,73.83
Georgia,Small Cars,,Vehicle Sales by make,Total,vehicles,Statista Market Insights,,287,279,306,299,290,126,172,144,196,272,287,310,306,307,305
Georgia,Small Cars,,Vehicle Sales by make,Alfa Romeo,vehicles,Statista Market Insights,,31,27,27,27,26,12,15,12,17,25,26,28,27,27,27
Georgia,Small Cars,,Vehicle Sales by make,Honda,vehicles,Statista Market Insights,,48,46,44,44,42,18,26,22,28,40,42,46,44,44,42
Georgia,Small Cars,,Vehicle Sales by make,Kia,vehicles,Statista Market Insights,,29,29,61,61,59,26,33,32,44,53,57,63,65,68,70
Georgia,Small Cars,,Vehicle Sales by make,Nissan,vehicles,Statista Market Insights,,26,25,24,23,22,10,14,11,16,22,24,26,25,24,24
Georgia,Small Cars,,Vehicle Sales by make,Skoda,vehicles,Statista Market Insights,,35,35,35,30,30,13,19,15,20,31,32,34,34,34,33
Georgia,Small Cars,,Vehicle Sales by make,Toyota,vehicles,Statista Market Insights,,118,117,115,114,111,47,65,52,71,101,106,113,111,110,109
Georgia,Small Cars,,Comparable Estimates - Passenger Cars (Worldwide),*Statista,million vehicles,,74.44,79.2,84.99,85.13,81.94,71.96,58.6,63.73,67.16,69.02,74.02,72.38,72.59,73.87,,
Georgia,Small Cars,,Comparable Estimates - Passenger Cars (Worldwide),IHS Markit,million vehicles,,,,92,94,94,90,77,77.2,80.35,87.94,,,,,,
Georgia,Small Cars,,Comparable Estimates - Passenger Cars (Worldwide),LMC Automotive,million vehicles,,,,,95.1,94.1,90.3,77.8,80.7,85.3,93.7,,,,,,
Georgia,Medium Cars,,Average Price,Average,thousand USD (US$),Statista Market Insights,,23.92,23.9,23.98,24.44,24.66,23.28,22.95,24.97,24.97,25.25,25.16,25.06,25.26,25.18,25.34
Georgia,Medium Cars,,Revenue by make,Total,million USD (US$),Statista Market Insights,,18.37,16.95,14.77,13.98,13.51,6.05,8.31,7.12,10.39,14.95,15.62,16.84,16.37,15.79,15.36
Georgia,Medium Cars,,Revenue by make,Alfa Romeo,million USD (US$),Statista Market Insights,,2.23,1.52,1.56,1.59,1.63,0.69,0.91,0.78,1.35,1.96,2.02,2.15,2.08,2,1.95
Georgia,Medium Cars,,Revenue by make,Honda,million USD (US$),Statista Market Insights,,1.23,1.16,1.09,1.08,1.02,0.44,0.62,0.58,0.73,1.04,1.1,1.2,1.15,1.15,1.1
Georgia,Medium Cars,,Revenue by make,Kia,million USD (US$),Statista Market Insights,,2.24,2.2,1.97,1.98,1.95,0.82,1.12,0.99,1.3,1.89,1.99,2.16,2.08,2.03,1.99
Georgia,Medium Cars,,Revenue by make,Nissan,million USD (US$),Statista Market Insights,,8.07,7.4,5.39,4.87,4.34,2.35,3.17,2.6,3.81,5.55,5.84,6.46,6.18,5.84,5.59
Georgia,Medium Cars,,Revenue by make,Skoda,million USD (US$),Statista Market Insights,,1.83,1.9,1.99,1.63,1.75,0.67,0.99,0.87,1.29,1.88,1.94,2.02,2.03,1.99,1.97
Georgia,Medium Cars,,Revenue by make,Toyota,million USD (US$),Statista Market Insights,,2.77,2.77,2.78,2.83,2.83,1.08,1.5,1.31,1.92,2.62,2.74,2.85,2.85,2.78,2.77
Georgia,Medium Cars,,Connected Cars Share,Connected,percent,Statista Market Insights,,57.3,58.12,65.49,70.28,79.74,75.68,95.84,96.13,97.92,100,100,100,100,,100
Georgia,Medium Cars,,Connected Cars Share,Not Connected,percent,Statista Market Insights,,42.7,41.88,34.51,29.72,20.26,24.32,4.16,3.87,2.08,0,0,0,0,,0
Georgia,Medium Cars,,Fuel or Drive-Type Share,Alternative,percent,Statista Market Insights,,,,,,,,,,10.62,12.88,13.21,13.75,13.74,,13.47
Georgia,Medium Cars,,Fuel or Drive-Type Share,Electric,percent,Statista Market Insights,,3.34,3.49,4.95,2.11,8.48,13.93,5.93,7.46,6.19,4.51,4.61,4.78,5.5,,7.98
Georgia,Medium Cars,,Fuel or Drive-Type Share,Hybrid,percent,Statista Market Insights,,3.34,3.49,3.89,3.87,4.06,3.93,19.41,20,24.78,24.25,24.74,24.5,24.95,,26.43
Georgia,Medium Cars,,Fuel or Drive-Type Share,Petrol,percent,Statista Market Insights,,93.32,93.02,91.17,94.02,87.46,82.5,74.66,72.2,57.82,58.37,57.44,56.57,56.03,,52.37
Georgia,Medium Cars,,Autonomous Driving Level,Autonomous 0,percent,Statista Market Insights,,66.9,67.68,69.91,18,18.06,20.29,13.42,13.29,,,,,,,
Georgia,Medium Cars,,Autonomous Driving Level,Autonomous 1,percent,Statista Market Insights,,29.77,25.34,18.4,59.62,58.94,58.74,79.42,79.46,71.82,71.29,69.82,68.65,67.08,,63.79
Georgia,Medium Cars,,Autonomous Driving Level,Autonomous 2,percent,Statista Market Insights,,3.34,6.98,11.69,22.38,23,20.96,7.17,7.25,27.87,28.27,29.54,30.42,31.58,,33.43
Georgia,Medium Cars,,Autonomous Driving Level,Autonomous 3,percent,Statista Market Insights,,,,,,,,,,0.31,0.44,0.64,0.93,1.35,,2.78
Georgia,Medium Cars,,Average CO2 emission,Emissions Average,grams CO2 per kilometer,Statista Market Insights,,120.6,119.1,120.2,116.6,116.1,118.7,113.4,118.5,109.9,97.37,89.66,82.93,77.16,,65.92
Georgia,Medium Cars,,Vehicle Sales by make,Total,vehicles,Statista Market Insights,,768,709,616,572,548,260,362,285,416,592,621,672,648,627,606
Georgia,Medium Cars,,Vehicle Sales by make,Alfa Romeo,vehicles,Statista Market Insights,,83,57,59,61,63,27,36,28,49,71,73,78,75,72,70
Georgia,Medium Cars,,Vehicle Sales by make,Honda,vehicles,Statista Market Insights,,48,46,44,44,42,18,26,22,28,40,42,46,44,44,42
Georgia,Medium Cars,,Vehicle Sales by make,Kia,vehicles,Statista Market Insights,,116,114,102,102,99,44,61,49,65,93,98,107,102,100,97
Georgia,Medium Cars,,Vehicle Sales by make,Nissan,vehicles,Statista Market Insights,,307,276,195,170,147,88,120,90,133,192,203,226,214,203,192
Georgia,Medium Cars,,Vehicle Sales by make,Skoda,vehicles,Statista Market Insights,,97,99,100,79,83,36,53,43,63,91,95,100,99,97,95
Georgia,Medium Cars,,Vehicle Sales by make,Toyota,vehicles,Statista Market Insights,,117,117,116,116,114,47,66,53,78,105,110,115,114,111,110
Georgia,Medium Cars,,Comparable Estimates - Passenger Cars (Worldwide),*Statista,million vehicles,,74.44,79.2,84.99,85.13,81.94,71.96,58.6,63.73,67.16,69.02,74.02,72.38,72.59,73.87,,
Georgia,Medium Cars,,Comparable Estimates - Passenger Cars (Worldwide),IHS Markit,million vehicles,,,,92,94,94,90,77,77.2,80.35,87.94,,,,,,
Georgia,Medium Cars,,Comparable Estimates - Passenger Cars (Worldwide),LMC Automotive,million vehicles,,,,,95.1,94.1,90.3,77.8,80.7,85.3,93.7,,,,,,
Georgia,Large Cars,,Average Price,Average,thousand USD (US$),Statista Market Insights,,39.1,38.37,37.81,37.7,37.62,36.84,36.59,39.86,39.7,39.91,39.79,39.41,39.8,39.96,40.01
Georgia,Large Cars,,Revenue by make,Total,million USD (US$),Statista Market Insights,,14.15,13.16,12.36,12.06,11.63,5.08,7.21,6.22,8.5,12.25,12.93,13.75,13.53,13.31,12.88
Georgia,Large Cars,,Revenue by make,Alfa Romeo,million USD (US$),Statista Market Insights,,1.32,1.13,1.17,1.2,1.22,0.49,0.63,0.57,0.77,1.1,1.17,1.25,1.22,1.17,1.19
Georgia,Large Cars,,Revenue by make,Honda,million USD (US$),Statista Market Insights,,2.51,2.36,2.25,2.15,2.01,0.87,1.26,1.13,1.5,2.2,2.31,2.46,2.38,2.37,2.28
Georgia,Large Cars,,Revenue by make,Jaguar,million USD (US$),Statista Market Insights,,1.09,1.04,1,1.01,0.97,0.4,0.56,0.47,0.66,0.95,1,1.09,1.05,1.05,1.01
Georgia,Large Cars,,Revenue by make,Kia,million USD (US$),Statista Market Insights,,2.65,2.35,2.07,1.93,1.8,0.91,1.26,1.06,1.47,2.12,2.22,2.38,2.35,2.32,2.2
Georgia,Large Cars,,Revenue by make,Nissan,million USD (US$),Statista Market Insights,,2.69,2.5,2.18,2.1,1.99,0.98,1.37,1.15,1.61,2.33,2.51,2.71,2.63,2.51,2.44
Georgia,Large Cars,,Revenue by make,Skoda,million USD (US$),Statista Market Insights,,0.77,0.76,0.78,0.73,0.75,0.31,0.42,0.37,0.49,0.71,0.73,0.76,0.77,0.76,0.74
Georgia,Large Cars,,Revenue by make,Toyota,million USD (US$),Statista Market Insights,,3.12,3.02,2.92,2.95,2.89,1.13,1.7,1.46,1.99,2.84,2.98,3.11,3.14,3.12,3.04
Georgia,Large Cars,,Connected Cars Share,Connected,percent,Statista Market Insights,,100,100,100,100,100,100,100,100,100,100,100,100,100,,100
Georgia,Large Cars,,Connected Cars Share,Not Connected,percent,Statista Market Insights,,0,0,0,0,0,0,0,0,0,0,0,0,0,,0
Georgia,Large Cars,,Fuel or Drive-Type Share,Electric,percent,Statista Market Insights,,,,,,,,,,1.69,3.24,3.15,3.75,5.12,,9.17
Georgia,Large Cars,,Fuel or Drive-Type Share,Hybrid,percent,Statista Market Insights,,,,,,,,1.01,1.88,1.69,2.83,3.94,4.12,4.72,,5.5
Georgia,Large Cars,,Fuel or Drive-Type Share,Petrol,percent,Statista Market Insights,,100,100,100,100,100,100,98.99,98.13,96.61,94.33,93.7,92.13,90.16,,85.32
Georgia,Large Cars,,Autonomous Driving Level,Autonomous 0,percent,Statista Market Insights,,6.63,6.71,,,,,,,,,,,,,
Georgia,Large Cars,,Autonomous Driving Level,Autonomous 1,percent,Statista Market Insights,,67.95,67.64,17.43,10.93,11,10.22,20.77,20.66,60.51,58.94,57.22,55.23,52.99,,47.25
Georgia,Large Cars,,Autonomous Driving Level,Autonomous 2,percent,Statista Market Insights,,25.42,25.65,82.57,89.07,89,89.78,79.23,79.34,39.19,40.62,42.15,43.85,45.69,,50.07
Georgia,Large Cars,,Autonomous Driving Level,Autonomous 3,percent,Statista Market Insights,,,,,,,,,,0.3,0.44,0.64,0.92,1.32,,2.67
Georgia,Large Cars,,Average CO2 emission,Emissions Average,grams CO2 per kilometer,Statista Market Insights,,159.4,155.4,152.7,154,152.2,160.7,121.4,169.8,160,135,124.6,116.3,107.6,,92.26
Georgia,Large Cars,,Vehicle Sales by make,Total,vehicles,Statista Market Insights,,362,343,327,320,309,138,197,156,214,307,325,349,340,333,322
Georgia,Large Cars,,Vehicle Sales by make,Alfa Romeo,vehicles,Statista Market Insights,,35,29,29,29,29,13,17,14,19,27,29,31,30,29,29
Georgia,Large Cars,,Vehicle Sales by make,Honda,vehicles,Statista Market Insights,,72,69,68,67,65,27,40,33,44,64,67,72,69,69,66
Georgia,Large Cars,,Vehicle Sales by make,Jaguar,vehicles,Statista Market Insights,,24,23,22,22,21,9,13,10,14,20,21,23,22,22,21
Georgia,Large Cars,,Vehicle Sales by make,Kia,vehicles,Statista Market Insights,,49,48,46,45,43,19,27,21,29,42,44,48,47,46,44
Georgia,Large Cars,,Vehicle Sales by make,Nissan,vehicles,Statista Market Insights,,95,89,78,75,71,36,51,39,55,79,85,92,89,85,82
Georgia,Large Cars,,Vehicle Sales by make,Skoda,vehicles,Statista Market Insights,,27,26,26,24,24,11,15,12,16,23,24,25,25,25,24
Georgia,Large Cars,,Vehicle Sales by make,Toyota,vehicles,Statista Market Insights,,60,59,58,58,56,23,34,27,37,52,55,58,58,57,56
Georgia,Large Cars,,Comparable Estimates - Passenger Cars (Worldwide),*Statista,million vehicles,,74.44,79.2,84.99,85.13,81.94,71.96,58.6,63.73,67.16,69.02,74.02,72.38,72.59,73.87,,
Georgia,Large Cars,,Comparable Estimates - Passenger Cars (Worldwide),IHS Markit,million vehicles,,,,92,94,94,90,77,77.2,80.35,87.94,,,,,,
Georgia,Large Cars,,Comparable Estimates - Passenger Cars (Worldwide),LMC Automotive,million vehicles,,,,,95.1,94.1,90.3,77.8,80.7,85.3,93.7,,,,,,
Georgia,Executive Cars,,Average Price,Average,thousand USD (US$),Statista Market Insights,,39.3,39.3,39.36,39.33,39.49,37.83,37.54,40.91,41,41.33,41.29,41.13,41.28,41.38,41.53
Georgia,Executive Cars,,Revenue by make,Total,million USD (US$),Statista Market Insights,,2.99,2.95,2.83,2.79,2.69,1.1,1.54,1.35,1.89,2.69,2.81,3.04,2.97,2.94,2.87
Georgia,Executive Cars,,Revenue by make,Jaguar,million USD (US$),Statista Market Insights,,1.27,1.26,1.21,1.15,1.1,0.46,0.65,0.55,0.82,1.16,1.22,1.32,1.27,1.28,1.23
Georgia,Executive Cars,,Revenue by make,Kia,million USD (US$),Statista Market Insights,,0.82,0.77,0.73,0.72,0.68,0.29,0.42,0.38,0.49,0.7,0.74,0.8,0.77,0.77,0.74
Georgia,Executive Cars,,Revenue by make,Toyota,million USD (US$),Statista Market Insights,,0.9,0.92,0.9,0.92,0.9,0.35,0.47,0.41,0.58,0.83,0.86,0.92,0.93,0.89,0.9
Georgia,Executive Cars,,Connected Cars Share,Connected,percent,Statista Market Insights,,100,100,100,100,100,100,100,100,100,100,100,100,100,,100
Georgia,Executive Cars,,Connected Cars Share,Not Connected,percent,Statista Market Insights,,0,0,0,0,0,0,0,0,0,0,0,0,0,,0
Georgia,Executive Cars,,Fuel or Drive-Type Share,Electric,percent,Statista Market Insights,,,,,,,,,,,4.88,4.88,2.22,4.88,,5.71
Georgia,Executive Cars,,Fuel or Drive-Type Share,Hybrid,percent,Statista Market Insights,,,,,,,,,,,2.44,4.88,4.44,4.88,,5.71
Georgia,Executive Cars,,Fuel or Drive-Type Share,Petrol,percent,Statista Market Insights,,100,100,100,100,100,100,100,100,100,92.68,95.12,91.11,90.24,,88.57
Georgia,Executive Cars,,Autonomous Driving Level,Autonomous 1,percent,Statista Market Insights,,68.4,37.33,37.5,38.01,38.22,37.59,31.29,30.82,,,,,,,
Georgia,Executive Cars,,Autonomous Driving Level,Autonomous 2,percent,Statista Market Insights,,31.6,62.67,62.5,61.99,61.78,62.41,68.71,69.18,99.75,99.64,99.47,99.23,98.89,,97.67
Georgia,Executive Cars,,Autonomous Driving Level,Autonomous 3,percent,Statista Market Insights,,,,,,,,,,0.25,0.36,0.53,0.77,1.11,,2.33
Georgia,Executive Cars,,Average CO2 emission,Emissions Average,grams CO2 per kilometer,Statista Market Insights,,183.1,188.5,174.6,176.9,176.6,184.5,166.2,193.5,170.2,158.4,148.8,137.4,130.6,,110
Georgia,Executive Cars,,Vehicle Sales by make,Total,vehicles,Statista Market Insights,,76,75,72,71,68,29,41,33,46,65,68,74,72,71,69
Georgia,Executive Cars,,Vehicle Sales by make,Jaguar,vehicles,Statista Market Insights,,24,24,23,22,21,9,13,10,15,21,22,24,23,23,22
Georgia,Executive Cars,,Vehicle Sales by make,Kia,vehicles,Statista Market Insights,,24,23,22,22,21,9,13,11,14,20,21,23,22,22,21
Georgia,Executive Cars,,Vehicle Sales by make,Toyota,vehicles,Statista Market Insights,,28,28,27,27,26,11,15,12,17,24,25,27,27,26,26
Georgia,Executive Cars,,Comparable Estimates - Passenger Cars (Worldwide),*Statista,million vehicles,,74.44,79.2,84.99,85.13,81.94,71.96,58.6,63.73,67.16,69.02,74.02,72.38,72.59,73.87,,
Georgia,Executive Cars,,Comparable Estimates - Passenger Cars (Worldwide),IHS Markit,million vehicles,,,,92,94,94,90,77,77.2,80.35,87.94,,,,,,
Georgia,Executive Cars,,Comparable Estimates - Passenger Cars (Worldwide),LMC Automotive,million vehicles,,,,,95.1,94.1,90.3,77.8,80.7,85.3,93.7,,,,,,
Georgia,Luxury Cars,,Average Price,Average,thousand USD (US$),Statista Market Insights,,76.24,76.72,77.67,79.52,80.4,74.36,73.7,79.95,81.27,81.34,81.05,80.1,80.7,81.34,81.86
Georgia,Luxury Cars,,Revenue by make,Total,million USD (US$),Statista Market Insights,,3.81,3.68,3.57,3.58,3.54,1.41,1.99,1.68,2.28,3.34,3.49,3.85,3.71,3.66,3.52
Georgia,Luxury Cars,,Revenue by make,Jaguar,million USD (US$),Statista Market Insights,,2.45,2.38,2.3,2.33,2.24,0.9,1.29,1.08,1.5,2.17,2.27,2.47,2.38,2.38,2.29
Georgia,Luxury Cars,,Revenue by make,Kia,million USD (US$),Statista Market Insights,,1.36,1.3,1.27,1.25,1.3,0.51,0.7,0.6,0.77,1.17,1.22,1.38,1.33,1.28,1.23
Georgia,Luxury Cars,,Connected Cars Share,Connected,percent,Statista Market Insights,,100,100,100,100,100,100,100,100,,,,,,,
Georgia,Luxury Cars,,Connected Cars Share,Not Connected,percent,Statista Market Insights,,0,0,0,0,0,0,0,0,,,,,,,
Georgia,Luxury Cars,,Fuel or Drive-Type Share,Diesel,percent,Statista Market Insights,,48,47.92,47.83,48.89,47.83,,,,,,,,,,
Georgia,Luxury Cars,,Fuel or Drive-Type Share,Petrol,percent,Statista Market Insights,,52,52.08,52.17,51.11,52.17,100,100,100,,,,,,,
Georgia,Luxury Cars,,Autonomous Driving Level,Autonomous 1,percent,Statista Market Insights,,51.99,52.07,52.15,,,,,,,,,,,,
Georgia,Luxury Cars,,Autonomous Driving Level,Autonomous 2,percent,Statista Market Insights,,48.01,47.93,47.85,100,100,100,100,100,,,,,,,
Georgia,Luxury Cars,,Vehicle Sales by make,Total,vehicles,Statista Market Insights,,50,48,46,45,44,19,27,21,28,41,43,48,46,45,43
Georgia,Luxury Cars,,Vehicle Sales by make,Jaguar,vehicles,Statista Market Insights,,24,23,22,22,21,9,13,10,14,20,21,23,22,22,21
Georgia,Luxury Cars,,Vehicle Sales by make,Kia,vehicles,Statista Market Insights,,26,25,24,23,23,10,14,11,14,21,22,25,24,23,22
Georgia,Luxury Cars,,Comparable Estimates - Passenger Cars (Worldwide),*Statista,million vehicles,,74.44,79.2,84.99,85.13,81.94,71.96,58.6,63.73,67.16,69.02,74.02,72.38,72.59,73.87,,
Georgia,Luxury Cars,,Comparable Estimates - Passenger Cars (Worldwide),IHS Markit,million vehicles,,,,92,94,94,90,77,77.2,80.35,87.94,,,,,,
Georgia,Luxury Cars,,Comparable Estimates - Passenger Cars (Worldwide),LMC Automotive,million vehicles,,,,,95.1,94.1,90.3,77.8,80.7,85.3,93.7,,,,,,
Georgia,Minivans,,Average Price,Average,thousand USD (US$),Statista Market Insights,,29.82,29.63,29.42,29.04,29.18,28.19,28.25,30.92,30.68,30.9,30.91,30.77,30.92,30.92,31
Georgia,Minivans,,Revenue by make,Total,million USD (US$),Statista Market Insights,,12.14,12.15,12.09,10.28,10.83,4.2,6.53,5.97,8.16,11.68,12.08,13.14,12.62,12.21,11.59
Georgia,Minivans,,Revenue by make,Honda,million USD (US$),Statista Market Insights,,6.63,6.87,7.05,5.34,6.13,2.18,3.72,3.43,4.79,6.86,7.04,7.75,7.32,6.96,6.51
Georgia,Minivans,,Revenue by make,Kia,million USD (US$),Statista Market Insights,,1.9,1.79,1.68,1.67,1.59,0.67,0.96,0.86,1.13,1.62,1.7,1.79,1.78,1.76,1.71
Georgia,Minivans,,Revenue by make,Nissan,million USD (US$),Statista Market Insights,,1.73,1.66,1.55,1.47,1.38,0.64,0.86,0.79,1.06,1.51,1.58,1.73,1.67,1.66,1.6
Georgia,Minivans,,Revenue by make,Toyota,million USD (US$),Statista Market Insights,,1.89,1.83,1.81,1.8,1.73,0.71,0.98,0.9,1.18,1.69,1.76,1.88,1.84,1.84,1.78
Georgia,Minivans,,Connected Cars Share,Connected,percent,Statista Market Insights,,26.04,88.54,89.05,87.57,87.86,87.05,100,100,100,100,100,100,100,,100
Georgia,Minivans,,Connected Cars Share,Not Connected,percent,Statista Market Insights,,73.96,11.46,10.95,12.43,12.14,12.95,0,0,0,0,0,0,0,,0
Georgia,Minivans,,Fuel or Drive-Type Share,Electric,percent,Statista Market Insights,,,,,,,,17.19,20,16.06,10.69,11.68,10.64,11.78,,14.98
Georgia,Minivans,,Fuel or Drive-Type Share,Hybrid,percent,Statista Market Insights,,,,,,0.28,0.66,7.24,7.37,4.82,6.94,7.41,8.51,9.77,,11.15
Georgia,Minivans,,Fuel or Drive-Type Share,Petrol,percent,Statista Market Insights,,100,100,100,100,99.72,99.34,75.57,72.63,79.92,82.08,81.2,80.59,78.74,,73.87
Georgia,Minivans,,Autonomous Driving Level,Autonomous 0,percent,Statista Market Insights,,6.14,5.85,5.59,6.22,6.07,6.73,,,,,,,,,
Georgia,Minivans,,Autonomous Driving Level,Autonomous 1,percent,Statista Market Insights,,80.59,81.47,82.73,80.51,81.21,78.21,87.97,88.08,86.14,84.51,82.66,80.86,78.89,,74.44
Georgia,Minivans,,Autonomous Driving Level,Autonomous 2,percent,Statista Market Insights,,13.27,12.68,11.68,13.27,12.72,15.06,12.03,11.92,13.38,14.8,16.35,17.72,19.08,,21.41
Georgia,Minivans,,Autonomous Driving Level,Autonomous 3,percent,Statista Market Insights,,,,,,,,,,0.49,0.69,0.99,1.42,2.04,,4.15
Georgia,Minivans,,Average CO2 emission,Emissions Average,grams CO2 per kilometer,Statista Market Insights,,156.6,139.9,148.4,142.8,130.6,135.6,128.5,119.7,110.5,100.1,92.79,86.73,79.95,,66.33
Georgia,Minivans,,Vehicle Sales by make,Total,vehicles,Statista Market Insights,,407,410,411,354,371,149,231,193,266,378,391,427,408,395,374
Georgia,Minivans,,Vehicle Sales by make,Honda,vehicles,Statista Market Insights,,203,214,224,171,197,71,122,103,145,206,211,233,219,208,194
Georgia,Minivans,,Vehicle Sales by make,Kia,vehicles,Statista Market Insights,,72,69,66,66,63,27,39,32,42,60,63,67,66,65,63
Georgia,Minivans,,Vehicle Sales by make,Nissan,vehicles,Statista Market Insights,,80,77,72,69,65,31,42,35,48,68,71,78,75,74,71
Georgia,Minivans,,Vehicle Sales by make,Toyota,vehicles,Statista Market Insights,,52,50,49,48,46,20,28,23,31,44,46,49,48,48,46
Georgia,Minivans,,Comparable Estimates - Passenger Cars (Worldwide),*Statista,million vehicles,,74.44,79.2,84.99,85.13,81.94,71.96,58.6,63.73,67.16,69.02,74.02,72.38,72.59,73.87,,
Georgia,Minivans,,Comparable Estimates - Passenger Cars (Worldwide),IHS Markit,million vehicles,,,,92,94,94,90,77,77.2,80.35,87.94,,,,,,
Georgia,Minivans,,Comparable Estimates - Passenger Cars (Worldwide),LMC Automotive,million vehicles,,,,,95.1,94.1,90.3,77.8,80.7,85.3,93.7,,,,,,
Georgia,Sports Cars,,Average Price,Average,thousand USD (US$),Statista Market Insights,,83.3,83.97,85.05,87.18,87.95,81.57,80.98,88.1,87.96,88.83,88.34,87.41,88.49,88.34,88.62
Georgia,Sports Cars,,Revenue by make,Total,million USD (US$),Statista Market Insights,,13.99,13.52,13.18,13.43,12.93,5.14,7.37,6.26,8.62,12.44,12.99,13.81,13.63,13.52,13.12
Georgia,Sports Cars,,Revenue by make,Alfa Romeo,million USD (US$),Statista Market Insights,,3.92,3.6,3.38,3.4,3.24,1.39,1.99,1.74,2.32,3.37,3.53,3.74,3.7,3.72,3.54
Georgia,Sports Cars,,Revenue by make,Jaguar,million USD (US$),Statista Market Insights,,4.54,4.66,4.76,5.05,4.95,1.77,2.54,2.14,2.96,4.27,4.42,4.59,4.65,4.51,4.46
Georgia,Sports Cars,,Revenue by make,Nissan,million USD (US$),Statista Market Insights,,4.54,4.32,4.09,4.06,3.85,1.62,2.32,1.95,2.71,3.91,4.1,4.47,4.3,4.31,4.13
Georgia,Sports Cars,,Revenue by make,Toyota,million USD (US$),Statista Market Insights,,1,0.94,0.95,0.93,0.89,0.36,0.52,0.43,0.62,0.89,0.93,1.01,0.98,0.98,0.99
Georgia,Sports Cars,,Connected Cars Share,Connected,percent,Statista Market Insights,,83.33,83.33,83.46,83.33,83.33,80,81.25,80,80,83,84.76,86.73,91.89,,98.11
Georgia,Sports Cars,,Connected Cars Share,Not Connected,percent,Statista Market Insights,,16.67,16.67,16.54,16.67,16.67,20,18.75,20,20,17,15.24,13.27,8.11,,1.89
Georgia,Sports Cars,,Fuel or Drive-Type Share,Electric,percent,Statista Market Insights,,,,,,,,,,1.43,4.04,4,2.8,4.95,,6.98
Georgia,Sports Cars,,Fuel or Drive-Type Share,Hybrid,percent,Statista Market Insights,,,,,,,,,,1.43,3.03,4,3.74,3.96,,4.65
Georgia,Sports Cars,,Fuel or Drive-Type Share,Petrol,percent,Statista Market Insights,,100,100,100,100,100,100,100,100,97.14,93.94,95,92.52,91.09,,89.53
Georgia,Sports Cars,,Autonomous Driving Level,Autonomous 0,percent,Statista Market Insights,,33.33,33.33,16.55,16.67,16.67,19.93,19.54,19.77,19.32,18.78,18.22,17.86,17.21,,15.86
Georgia,Sports Cars,,Autonomous Driving Level,Autonomous 1,percent,Statista Market Insights,,50,50,66.91,66.67,66.67,60.16,80.46,80.23,77.57,75.32,73.2,70.94,69.03,,65.23
Georgia,Sports Cars,,Autonomous Driving Level,Autonomous 2,percent,Statista Market Insights,,16.66,16.67,16.55,16.66,16.66,19.91,,,2.82,5.48,7.99,10.35,12.57,,16.54
Georgia,Sports Cars,,Autonomous Driving Level,Autonomous 3,percent,Statista Market Insights,,,,,,,,,,0.29,0.41,0.59,0.84,1.19,,2.37
Georgia,Sports Cars,,Average CO2 emission,Emissions Average,grams CO2 per kilometer,Statista Market Insights,,241.7,215.3,211.8,201,214.5,237.6,238.8,232.2,208.3,189.4,174.1,157.6,143.7,,119.4
Georgia,Sports Cars,,Vehicle Sales by make,Total,vehicles,Statista Market Insights,,168,161,155,154,147,63,91,71,98,140,147,158,154,153,148
Georgia,Sports Cars,,Vehicle Sales by make,Alfa Romeo,vehicles,Statista Market Insights,,48,46,44,44,42,18,26,21,28,40,42,45,44,44,42
Georgia,Sports Cars,,Vehicle Sales by make,Jaguar,vehicles,Statista Market Insights,,48,46,44,44,42,18,26,20,28,40,42,44,44,43,42
Georgia,Sports Cars,,Vehicle Sales by make,Nissan,vehicles,Statista Market Insights,,48,46,44,44,42,18,26,20,28,40,42,46,44,44,42
Georgia,Sports Cars,,Vehicle Sales by make,Toyota,vehicles,Statista Market Insights,,24,23,23,22,21,9,13,10,14,20,21,23,22,22,22
Georgia,Sports Cars,,Comparable Estimates - Passenger Cars (Worldwide),*Statista,million vehicles,,74.44,79.2,84.99,85.13,81.94,71.96,58.6,63.73,67.16,69.02,74.02,72.38,72.59,73.87,,
Georgia,Sports Cars,,Comparable Estimates - Passenger Cars (Worldwide),IHS Markit,million vehicles,,,,92,94,94,90,77,77.2,80.35,87.94,,,,,,
Georgia,Sports Cars,,Comparable Estimates - Passenger Cars (Worldwide),LMC Automotive,million vehicles,,,,,95.1,94.1,90.3,77.8,80.7,85.3,93.7,,,,,,
Georgia,SUVs,,Average Price,Average,thousand USD (US$),Statista Market Insights,,35.3,35.83,33.49,32.62,32.17,32.29,31.97,34.42,34.26,34.72,34.85,34.43,34.73,34.72,34.73
Georgia,SUVs,,Revenue by make,Total,million USD (US$),Statista Market Insights,,37.77,39.7,40.62,38.69,37.22,16.31,22.44,20.07,27.58,38.47,40.56,44.1,43.44,42.6,41.51
Georgia,SUVs,,Revenue by make,Alfa Romeo,million USD (US$),Statista Market Insights,,,3.84,3.51,3.24,3.09,1.29,1.75,1.42,2.22,2.96,3.3,3.55,3.56,3.47,3.37
Georgia,SUVs,,Revenue by make,Honda,million USD (US$),Statista Market Insights,,6.24,6.39,6.52,7.16,7.57,2.68,3.73,3.45,4.41,6.35,6.49,7.2,6.85,6.51,6.11
Georgia,SUVs,,Revenue by make,Jaguar,million USD (US$),Statista Market Insights,,6.48,5.45,4.65,3.41,3.11,1.98,2.62,2.18,3.21,4.58,4.89,5.37,5.19,4.97,4.68
Georgia,SUVs,,Revenue by make,Kia,million USD (US$),Statista Market Insights,,5.96,5.71,7.16,7.02,6.73,2.88,3.9,3.69,5.06,6.74,7.12,7.77,7.83,7.82,7.84
Georgia,SUVs,,Revenue by make,Nissan,million USD (US$),Statista Market Insights,,8.95,8.54,9.36,8.78,7.98,3.8,5.25,4.73,6.57,9.1,9.61,10.52,10.37,10.3,10.17
Georgia,SUVs,,Revenue by make,Skoda,million USD (US$),Statista Market Insights,,1.99,1.78,1.67,1.47,1.43,0.69,0.96,0.81,1.11,1.6,1.69,1.76,1.78,1.72,1.7
Georgia,SUVs,,Revenue by make,Toyota,million USD (US$),Statista Market Insights,,8.16,8,7.75,7.62,7.3,2.99,4.24,3.79,5,7.14,7.47,7.93,7.88,7.81,7.64
Georgia,SUVs,,Connected Cars Share,Connected,percent,Statista Market Insights,,73.89,75.44,69.94,68.64,70.07,74.8,86.59,86.07,86.85,87.66,88.54,89.13,90.41,,93.61
Georgia,SUVs,,Connected Cars Share,Not Connected,percent,Statista Market Insights,,26.11,24.56,30.06,31.36,29.93,25.2,13.41,13.93,13.15,12.34,11.46,10.87,9.59,,6.39
Georgia,SUVs,,Fuel or Drive-Type Share,Alternative,percent,Statista Market Insights,,,,,,,,,,6.66,7.04,7.62,8.11,8.64,,9.57
Georgia,SUVs,,Fuel or Drive-Type Share,Diesel,percent,Statista Market Insights,,3.82,3.5,3.01,,,,1.99,1.87,,,,,,,
Georgia,SUVs,,Fuel or Drive-Type Share,Electric,percent,Statista Market Insights,,,2.23,2.34,1.04,4.09,7.21,,,3.39,2.81,4.08,5.15,7.03,,13.11
Georgia,SUVs,,Fuel or Drive-Type Share,Hybrid,percent,Statista Market Insights,,,,,,0.34,0.74,1.56,1.87,2.64,3.56,4.26,5.07,5.79,,7.6
Georgia,SUVs,,Fuel or Drive-Type Share,Petrol,percent,Statista Market Insights,,96.18,94.27,94.56,98.96,95.57,92.24,96.45,96.08,87.44,86.4,84.12,81.67,78.45,,69.82
Georgia,SUVs,,Autonomous Driving Level,Autonomous 0,percent,Statista Market Insights,,37.05,30.58,24.6,24.48,24.3,19.31,15.57,15.88,15.79,15.79,15.09,15.09,14.26,,12.41
Georgia,SUVs,,Autonomous Driving Level,Autonomous 1,percent,Statista Market Insights,,48.83,55.15,51.81,54.12,51.49,49.19,71.92,71.93,65.56,62.9,61.8,60.12,59.03,,56.61
Georgia,SUVs,,Autonomous Driving Level,Autonomous 2,percent,Statista Market Insights,,14.12,14.27,23.59,21.4,24.21,31.5,12.51,12.19,18.22,20.67,22.18,23.45,24.78,,27.05
Georgia,SUVs,,Autonomous Driving Level,Autonomous 3,percent,Statista Market Insights,,,,,,,,,,0.44,0.65,0.93,1.34,1.93,,3.94
Georgia,SUVs,,Average CO2 emission,Emissions Average,grams CO2 per kilometer,Statista Market Insights,,159.5,159.5,142.4,142.6,140.7,139.9,144.4,141.1,127.6,113.3,104.1,95.28,86.64,,71.34
Georgia,SUVs,,Vehicle Sales by make,Total,vehicles,Statista Market Insights,,"1,070","1,108","1,213","1,186","1,157",505,702,583,805,"1,108","1,164","1,281","1,251","1,227","1,195"
Georgia,SUVs,,Vehicle Sales by make,Alfa Romeo,vehicles,Statista Market Insights,,,63,64,64,64,26,36,27,42,56,62,68,67,65,64
Georgia,SUVs,,Vehicle Sales by make,Honda,vehicles,Statista Market Insights,,246,255,264,295,317,113,159,134,174,249,253,283,266,251,233
Georgia,SUVs,,Vehicle Sales by make,Jaguar,vehicles,Statista Market Insights,,101,91,83,64,60,35,47,36,53,75,80,89,85,82,77
Georgia,SUVs,,Vehicle Sales by make,Kia,vehicles,Statista Market Insights,,197,194,236,234,225,98,134,115,159,212,224,246,245,243,243
Georgia,SUVs,,Vehicle Sales by make,Nissan,vehicles,Statista Market Insights,,280,264,330,300,269,138,190,161,230,307,325,360,356,357,354
Georgia,SUVs,,Vehicle Sales by make,Skoda,vehicles,Statista Market Insights,,56,55,55,50,49,22,31,24,33,47,50,53,53,51,51
Georgia,SUVs,,Vehicle Sales by make,Toyota,vehicles,Statista Market Insights,,190,186,181,179,173,73,105,86,114,162,170,182,179,178,173
Georgia,SUVs,,Comparable Estimates - Passenger Cars (Worldwide),*Statista,million vehicles,,74.44,79.2,84.99,85.13,81.94,71.96,58.6,63.73,67.16,69.02,74.02,72.38,72.59,73.87,,
Georgia,SUVs,,Comparable Estimates - Passenger Cars (Worldwide),IHS Markit,million vehicles,,,,92,94,94,90,77,77.2,80.35,87.94,,,,,,
Georgia,SUVs,,Comparable Estimates - Passenger Cars (Worldwide),LMC Automotive,million vehicles,,,,,95.1,94.1,90.3,77.8,80.7,85.3,93.7,,,,,,
Georgia,Pickup Trucks,,Average Price,Average,thousand USD (US$),Statista Market Insights,,33.69,34.05,33.89,33.16,32.19,31.74,31.61,34.45,33.93,34.24,34.26,33.94,34.3,34.18,34.39
Georgia,Pickup Trucks,,Revenue by make,Total,million USD (US$),Statista Market Insights,,5.02,4.94,4.71,4.54,4.22,1.84,2.56,2.27,3.02,4.35,4.63,4.92,4.84,4.79,4.64
Georgia,Pickup Trucks,,Revenue by make,Honda,million USD (US$),Statista Market Insights,,0.71,0.68,0.65,0.66,0.63,0.26,0.37,0.34,0.43,0.62,0.65,0.71,0.69,0.68,0.66
Georgia,Pickup Trucks,,Revenue by make,Nissan,million USD (US$),Statista Market Insights,,1.91,1.83,1.62,1.52,1.36,0.69,0.94,0.82,1.11,1.62,1.73,1.85,1.8,1.75,1.69
Georgia,Pickup Trucks,,Revenue by make,Toyota,million USD (US$),Statista Market Insights,,2.4,2.42,2.44,2.37,2.23,0.89,1.25,1.11,1.48,2.1,2.24,2.36,2.36,2.35,2.29
Georgia,Pickup Trucks,,Connected Cars Share,Connected,percent,Statista Market Insights,,83.22,100,100,100,100,100,100,100,100,100,100,100,100,,100
Georgia,Pickup Trucks,,Connected Cars Share,Not Connected,percent,Statista Market Insights,,16.78,0,0,0,0,0,0,0,0,0,0,0,0,,0
Georgia,Pickup Trucks,,Fuel or Drive-Type Share,Diesel,percent,Statista Market Insights,,20.81,20,18.71,18.25,17.65,20.63,20.48,19.12,19.1,20.8,20.93,21.9,21.88,,22.73
Georgia,Pickup Trucks,,Fuel or Drive-Type Share,Electric,percent,Statista Market Insights,,,,,,,,,,2.25,2.4,3.88,3.65,5.47,,9.09
Georgia,Pickup Trucks,,Fuel or Drive-Type Share,Hybrid,percent,Statista Market Insights,,,,,,,,1.2,1.47,2.25,3.2,3.88,3.65,3.91,,5.45
Georgia,Pickup Trucks,,Fuel or Drive-Type Share,Petrol,percent,Statista Market Insights,,79.19,80,81.29,81.75,82.35,79.37,78.31,77.94,76.4,73.6,72.09,70.8,69.53,,62.73
Georgia,Pickup Trucks,,Autonomous Driving Level,Autonomous 0,percent,Statista Market Insights,,16.79,,,,,,,,,,,,,,
Georgia,Pickup Trucks,,Autonomous Driving Level,Autonomous 1,percent,Statista Market Insights,,83.21,84.14,84.16,83.94,83.97,84.28,61.85,61.2,36.05,35.32,34.28,33.65,32.29,,29.5
Georgia,Pickup Trucks,,Autonomous Driving Level,Autonomous 2,percent,Statista Market Insights,,,15.86,15.84,16.06,16.03,15.72,38.15,38.8,63.46,63.97,64.69,64.85,65.54,,65.98
Georgia,Pickup Trucks,,Autonomous Driving Level,Autonomous 3,percent,Statista Market Insights,,,,,,,,,,0.49,0.71,1.03,1.5,2.17,,4.52
Georgia,Pickup Trucks,,Average CO2 emission,Emissions Average,grams CO2 per kilometer,Statista Market Insights,,274.4,262.1,283.6,287.3,265.2,299,270.8,266.5,248.4,230.4,212,197.6,186.2,,163.5
Georgia,Pickup Trucks,,Vehicle Sales by make,Total,vehicles,Statista Market Insights,,149,145,139,137,131,58,81,66,89,127,135,145,141,140,135
Georgia,Pickup Trucks,,Vehicle Sales by make,Honda,vehicles,Statista Market Insights,,24,23,22,22,21,9,13,11,14,20,21,23,22,22,21
Georgia,Pickup Trucks,,Vehicle Sales by make,Nissan,vehicles,Statista Market Insights,,56,54,49,48,45,22,30,24,33,48,51,55,53,52,50
Georgia,Pickup Trucks,,Vehicle Sales by make,Toyota,vehicles,Statista Market Insights,,69,68,68,67,65,27,38,31,42,59,63,67,66,66,64
Georgia,Pickup Trucks,,Comparable Estimates - Passenger Cars (Worldwide),*Statista,million vehicles,,74.44,79.2,84.99,85.13,81.94,71.96,58.6,63.73,67.16,69.02,74.02,72.38,72.59,73.87,,
Georgia,Pickup Trucks,,Comparable Estimates - Passenger Cars (Worldwide),IHS Markit,million vehicles,,,,92,94,94,90,77,77.2,80.35,87.94,,,,,,
Georgia,Pickup Trucks,,Comparable Estimates - Passenger Cars (Worldwide),LMC Automotive,million vehicles,,,,,95.1,94.1,90.3,77.8,80.7,85.3,93.7,,,,,,
Georgia,Full-Size Vans,,Average Price,Average,thousand USD (US$),Statista Market Insights,,30.32,30.68,30.85,30.84,30.74,29.4,29.18,31.85,31.58,31.57,31.58,31.47,31.64,31.69,31.77
Georgia,Full-Size Vans,,Revenue by make,Total,million USD (US$),Statista Market Insights,,0.76,0.74,0.71,0.71,0.68,0.29,0.41,0.35,0.47,0.69,0.73,0.79,0.76,0.73,0.73
Georgia,Full-Size Vans,,Revenue by make,Nissan,million USD (US$),Statista Market Insights,,0.76,0.74,0.71,0.71,0.68,0.29,0.41,0.35,0.47,0.69,0.73,0.79,0.76,0.73,0.73
Georgia,Full-Size Vans,,Fuel or Drive-Type Share,Diesel,percent,Statista Market Insights,,100,100,100,100,100,100,100,100,100,90.91,95.45,95.65,90.91,,84.21
Georgia,Full-Size Vans,,Fuel or Drive-Type Share,Electric,percent,Statista Market Insights,,,,,,,,,,,4.55,4.55,4.35,4.55,,5.26
Georgia,Full-Size Vans,,Fuel or Drive-Type Share,Hybrid,percent,Statista Market Insights,,,,,,,,,,,4.55,4.55,4.35,4.55,,5.26
Georgia,Full-Size Vans,,Autonomous Driving Level,Autonomous 0,percent,Statista Market Insights,,100,100,100,100,100,100,,,,,,,,,
Georgia,Full-Size Vans,,Autonomous Driving Level,Autonomous 1,percent,Statista Market Insights,,,,,,,,100,100,96.68,93.82,91.04,88.28,85.52,,79.72
Georgia,Full-Size Vans,,Autonomous Driving Level,Autonomous 2,percent,Statista Market Insights,,,,,,,,,,2.82,5.47,7.96,10.29,12.46,,16.26
Georgia,Full-Size Vans,,Autonomous Driving Level,Autonomous 3,percent,Statista Market Insights,,,,,,,,,,0.5,0.71,1,1.42,2.02,,4.01
Georgia,Full-Size Vans,,Average CO2 emission,Emissions Average,grams CO2 per kilometer,Statista Market Insights,,181.2,171.2,157.9,155.1,158.8,156.3,147.5,,,,,,,,
Georgia,Full-Size Vans,,Connected Cars Share,Connected,percent,Statista Market Insights,,0,0,0,0,0,0,100,100,100,100,100,100,100,,100
Georgia,Full-Size Vans,,Connected Cars Share,Not Connected,percent,Statista Market Insights,,100,100,100,100,100,100,0,0,0,0,0,0,0,,0
Georgia,Full-Size Vans,,Vehicle Sales by make,Total,vehicles,Statista Market Insights,,25,24,23,23,22,10,14,11,15,22,23,25,24,23,23
Georgia,Full-Size Vans,,Vehicle Sales by make,Nissan,vehicles,Statista Market Insights,,25,24,23,23,22,10,14,11,15,22,23,25,24,23,23
Georgia,Full-Size Vans,,Comparable Estimates - Passenger Cars (Worldwide),*Statista,million vehicles,,74.44,79.2,84.99,85.13,81.94,71.96,58.6,63.73,67.16,69.02,74.02,72.38,72.59,73.87,,
Georgia,Full-Size Vans,,Comparable Estimates - Passenger Cars (Worldwide),IHS Markit,million vehicles,,,,92,94,94,90,77,77.2,80.35,87.94,,,,,,
Georgia,Full-Size Vans,,Comparable Estimates - Passenger Cars (Worldwide),LMC Automotive,million vehicles,,,,,95.1,94.1,90.3,77.8,80.7,85.3,93.7,,,,,,
